-- phpMyAdmin SQL Dump
-- version 5.1.1
-- https://www.phpmyadmin.net/
--
-- 主機： 127.0.0.1
-- 產生時間： 2021-07-09 09:20:08
-- 伺服器版本： 10.4.19-MariaDB
-- PHP 版本： 8.0.7

SET SQL_MODE = "NO_AUTO_VALUE_ON_ZERO";
START TRANSACTION;
SET time_zone = "+00:00";


/*!40101 SET @OLD_CHARACTER_SET_CLIENT=@@CHARACTER_SET_CLIENT */;
/*!40101 SET @OLD_CHARACTER_SET_RESULTS=@@CHARACTER_SET_RESULTS */;
/*!40101 SET @OLD_COLLATION_CONNECTION=@@COLLATION_CONNECTION */;
/*!40101 SET NAMES utf8mb4 */;

--
-- 資料庫: `campfun`
--

-- --------------------------------------------------------

--
-- 資料表結構 `acategorylist`
--

CREATE TABLE `acategorylist` (
  `aCatId` int(11) NOT NULL COMMENT '流水號',
  `aCatName` varchar(100) COLLATE utf8mb4_unicode_ci NOT NULL COMMENT '類別名稱',
  `aCatParentId` int(11) DEFAULT 0 COMMENT '上層編號',
  `created_at` datetime NOT NULL DEFAULT current_timestamp() COMMENT '新增時間',
  `updated_at` datetime NOT NULL DEFAULT current_timestamp() ON UPDATE current_timestamp() COMMENT '更新時間'
) ENGINE=InnoDB DEFAULT CHARSET=utf8mb4 COLLATE=utf8mb4_unicode_ci COMMENT='類別資料表';

--
-- 傾印資料表的資料 `acategorylist`
--

INSERT INTO `acategorylist` (`aCatId`, `aCatName`, `aCatParentId`, `created_at`, `updated_at`) VALUES
(2, '露營新手指南', 0, '2021-05-03 15:27:18', '2021-05-12 10:46:53'),
(3, '親子同遊露營', 0, '2021-05-03 16:25:32', '2021-05-05 14:51:46'),
(4, '深度野營探索', 0, '2021-05-04 09:32:41', '2021-05-05 14:52:43'),
(5, '奢華露營體驗', 0, '2021-05-05 12:09:51', '2021-05-13 10:43:34');

-- --------------------------------------------------------

--
-- 資料表結構 `acommentlist`
--

CREATE TABLE `acommentlist` (
  `id` int(11) NOT NULL COMMENT '流水號',
  `name` varchar(50) COLLATE utf8mb4_unicode_ci NOT NULL COMMENT '姓名',
  `content` text COLLATE utf8mb4_unicode_ci NOT NULL COMMENT '內容',
  `rating` tinyint(1) NOT NULL COMMENT '評分',
  `parentId` int(11) NOT NULL DEFAULT 0 COMMENT '上(父)層編號',
  `itemId` int(11) NOT NULL COMMENT '商品編號',
  `created_at` datetime NOT NULL DEFAULT current_timestamp() COMMENT '新增時間',
  `updated_at` datetime NOT NULL DEFAULT current_timestamp() ON UPDATE current_timestamp() COMMENT '更新時間'
) ENGINE=InnoDB DEFAULT CHARSET=utf8mb4 COLLATE=utf8mb4_unicode_ci COMMENT='評論';

--
-- 傾印資料表的資料 `acommentlist`
--

INSERT INTO `acommentlist` (`id`, `name`, `content`, `rating`, `parentId`, `itemId`, `created_at`, `updated_at`) VALUES
(1, '', 'good', 5, 0, 2, '2021-04-23 10:44:06', '2021-04-23 10:44:06'),
(2, 'Amy', 'good', 5, 0, 2, '2021-04-23 10:44:16', '2021-04-23 10:44:16'),
(3, '管理員', 'thanks ', 0, 1, 2, '2021-04-23 10:56:53', '2021-04-23 10:56:53'),
(4, '管理員', 'thank you!', 0, 2, 2, '2021-04-23 10:57:02', '2021-04-23 10:57:02');

-- --------------------------------------------------------

--
-- 資料表結構 `activities`
--

CREATE TABLE `activities` (
  `acid` int(20) NOT NULL,
  `acname` varchar(150) COLLATE utf8mb4_unicode_ci NOT NULL,
  `acregion` varchar(10) COLLATE utf8mb4_unicode_ci NOT NULL,
  `acprice` int(20) NOT NULL,
  `acearliestday` date NOT NULL,
  `created_at` datetime NOT NULL DEFAULT current_timestamp(),
  `update_at` datetime NOT NULL DEFAULT current_timestamp() ON UPDATE current_timestamp()
) ENGINE=InnoDB DEFAULT CHARSET=utf8mb4 COLLATE=utf8mb4_unicode_ci;

--
-- 傾印資料表的資料 `activities`
--

INSERT INTO `activities` (`acid`, `acname`, `acregion`, `acprice`, `acearliestday`, `created_at`, `update_at`) VALUES
(32, '基隆露營｜拉波波村 Glamping 輕奢露營｜一泊三食', '基隆', 7000, '2021-05-14', '2021-05-12 14:38:41', '2021-05-12 14:42:12'),
(33, '南投露營｜朵娜朵免裝備露營體驗 Donato Glamping', '南投', 3000, '2021-05-13', '2021-05-12 14:38:41', '2021-05-12 14:38:41'),
(34, '苗栗露營｜藍鵲渡假莊園露營體驗｜免搭帳露營 & 露營車', '苗栗', 340, '0000-00-00', '2021-05-12 14:38:41', '2021-05-12 14:41:19'),
(35, '新北露營｜金山皇后鎮森林｜風車 House 包套式露營車', '新北', 4845, '2021-05-16', '2021-05-12 14:38:41', '2021-05-12 14:38:41'),
(36, '苗栗露營 | 黃金梯田免裝備風格露營', '苗栗', 5500, '2021-05-14', '2021-05-12 14:38:41', '2021-05-12 14:38:41');

-- --------------------------------------------------------

--
-- 資料表結構 `admin`
--

CREATE TABLE `admin` (
  `Aid` int(11) NOT NULL COMMENT '管理員ID',
  `email` varchar(100) COLLATE utf8mb4_unicode_ci NOT NULL COMMENT '管理員信箱',
  `password` char(40) COLLATE utf8mb4_unicode_ci NOT NULL COMMENT '密碼',
  `created_at` datetime NOT NULL DEFAULT current_timestamp() COMMENT '新增時間',
  `updated_at` datetime NOT NULL DEFAULT current_timestamp() ON UPDATE current_timestamp() COMMENT '更新時間'
) ENGINE=InnoDB DEFAULT CHARSET=utf8mb4 COLLATE=utf8mb4_unicode_ci;

--
-- 傾印資料表的資料 `admin`
--

INSERT INTO `admin` (`Aid`, `email`, `password`, `created_at`, `updated_at`) VALUES
(1, 'admin', 'd033e22ae348aeb5660fc2140aec35850c4da997', '2021-05-05 22:44:58', '2021-05-05 22:47:16');

-- --------------------------------------------------------

--
-- 資料表結構 `articlelist`
--

CREATE TABLE `articlelist` (
  `aId` int(11) NOT NULL COMMENT '流水號',
  `aTitle` varchar(100) COLLATE utf8mb4_unicode_ci NOT NULL COMMENT '商品名稱',
  `aImg` varchar(100) COLLATE utf8mb4_unicode_ci NOT NULL COMMENT '商品照片路徑',
  `author` varchar(30) COLLATE utf8mb4_unicode_ci NOT NULL COMMENT '作者',
  `aContent` longtext COLLATE utf8mb4_unicode_ci NOT NULL COMMENT '內文',
  `aCategoryId` int(11) NOT NULL COMMENT '商品種類編號',
  `aCommentId` int(11) NOT NULL COMMENT '評論編號',
  `aTagId` int(11) NOT NULL COMMENT '標籤編號',
  `aDate` date NOT NULL DEFAULT current_timestamp(),
  `created_at` datetime NOT NULL DEFAULT current_timestamp() COMMENT '新增時間',
  `updated_at` datetime NOT NULL DEFAULT current_timestamp() ON UPDATE current_timestamp() COMMENT '更新時間'
) ENGINE=InnoDB DEFAULT CHARSET=utf8mb4 COLLATE=utf8mb4_unicode_ci COMMENT='文章列表';

--
-- 傾印資料表的資料 `articlelist`
--

INSERT INTO `articlelist` (`aId`, `aTitle`, `aImg`, `author`, `aContent`, `aCategoryId`, `aCommentId`, `aTagId`, `aDate`, `created_at`, `updated_at`) VALUES
(3, '出去玩!', 'item_20210511172908.jpg', 'Terri', '現在預定宜蘭東風綠活夢幻露營，免裝備露營輕鬆入住露營帳，新手露營推薦！入住純白系神殿帳篷、享用宜蘭味料理餐桌、體驗療癒系手作，及用心維護生態平衡的天然營地與舒適衛浴設施。不須自己搭帳篷，還有貼心小管家服務，只要帶上個人行李，就能輕鬆開啟你的夢幻露營生活！      \r\n\r\n現在預定宜蘭東風綠活夢幻露營，免裝備露營輕鬆入住露營帳，新手露營推薦！', 3, 0, 0, '2021-05-07', '2021-05-04 12:17:53', '2021-05-13 10:52:08'),
(4, '夏季旅遊', 'item_20210511154757.jpg', 'Jude ', '宜蘭夢幻露營專為想要旅行出走、投入自然森活的你設計，這是以感受生活、職感體驗為主的免裝備露營。宜蘭夢幻露營提供純白系神殿帳篷、宜蘭味料理餐桌、療癒系手作體驗，及用心維護生態平衡的天然營地與舒適衛浴設施。不須自己搭帳篷，還有貼心小管家服務，只要帶上個人行李，就能輕鬆開啟你的夢幻露營生活。', 4, 0, 0, '2021-05-07', '2021-05-04 12:18:38', '2021-05-13 10:52:17'),
(6, '風格露營', 'item_20210511155138.jpg', 'Connor', '那一村提供現在最流行的glamping 帳篷住宿，野奢酒店的概念帶給旅客全新的豪華露營體驗。\r\n露營園區位於宜蘭縣礁溪鄉與員山鄉交界處，二鄉以大礁溪為鄰，海拔約 200 公尺，三面環山。\r\n當地可經常見到台灣獼猴、台灣藍鵲、白鷺絲、夜鷹與啄木鳥等野生動物，那一村提供一泊三食早餐、下午茶、晚餐服務，讓您在這悠然山林中盡情享受美食。下午茶提供三層式精緻下午茶和現做熱餐點，每帳提供一套。', 5, 0, 0, '2021-05-07', '2021-05-05 09:51:37', '2021-05-13 10:52:23'),
(7, '高海拔營地', 'item_20210511155045.jpg', 'Alex', '現在預訂宜蘭兩天一夜旅行，搭乘遊覽車前往宜蘭，瀏覽宜蘭猴洞坑瀑布、兔子迷宮咖啡餐廳、渭水之丘等景點。入住豪華 Nayi Villa 那一村體驗現正流行的 Glamping 豪華露營住宿，每個帳篷具備獨立衛浴，於 KKday 預訂行程還可享一泊三食優惠，品嚐下午茶、晚餐與隔天早餐。       子迷宮咖啡餐廳、渭水之丘等景點。入住豪華 Nayi Villa 那一村體驗現正流行的 Glamping 豪華露營住宿，每個帳篷具備獨立衛浴，於 KKday 預訂行程還可享一泊三食優惠，品嚐下午茶、晚餐與隔天早餐。                                                                                                                                                         ', 4, 0, 0, '2021-05-07', '2021-05-05 09:51:58', '2021-05-13 10:47:32'),
(8, '愛露營上山下海', 'item_20210505174732.jpg', 'Anabel Gates ', '現在預定苗栗山美學露營 2 天 1 夜，免裝備露營輕鬆入住露營帳，新手露營推薦！到戶外親近大自然零負擔，飯店級寢具、電源插座，一泊二食附 BBQ 晚餐及早餐。                                ', 2, 0, 0, '2021-05-07', '2021-05-05 10:50:34', '2021-05-13 10:47:42'),
(10, '放暑假', 'item_20210505141317.jpg', 'Benny Santos', '和親朋好友一起療癒身心，享受在浪漫花園裡的慢活生活、以及共煮共食的樂趣。可依偏好選擇純租營位自搭帳，或是免搭帳懶人輕鬆露。非常適合新手的懶人露營空間，環境清新優美。雖然不比飯店乾淨整潔，但畢竟是露營，貼近大自然的體驗也是重點之一。                ', 5, 0, 0, '2021-05-07', '2021-05-05 12:13:17', '2021-05-10 21:21:23'),
(11, '說走就走', 'item_20210511154710.jpg', 'anne', '露營車內提供冷暖氣與獨立衛浴，室外擁有私人露台，還能在園區內戶外 SPA 大眾湯度過悠閒的午後，立即在 KKday 訂購，享受最愜意的露營體驗吧！\r\n\r\n一泊一食，輕鬆享受露營車樂趣，省去所有繁雜程序\r\n獨立衛浴與私人戶外露臺，與家人朋友一起共享歡樂時光\r\n入住豪華露營車還能使用戶外SPA大眾湯，感受美人湯魅力                                                                ', 2, 0, 0, '2021-05-07', '2021-05-05 13:15:19', '2021-05-13 10:47:50'),
(12, '合掌村 & 小木屋 ', 'item_20210511171158.jpg', 'Ready', '和親友們一起放慢腳步遠離城市的喧囂，在園區內寬廣的草原及豐富的遊樂設施讓孩子們盡情地奔跑、玩樂，大人們可以免費體驗高爾夫球，一家大小一起在大自然的包圍下，享受悠閒的度假時光。                                和親友們一起放慢腳步遠離城市的喧囂，在園區內寬廣的草原及豐富的遊樂設施讓孩子們盡情地奔跑、玩樂，大人們可以免費體驗高爾夫球，一家大小一起在大自然的包圍下，享受悠閒的度假時光。                                       ', 4, 0, 0, '2021-05-07', '2021-05-05 13:15:38', '2021-05-13 10:47:54'),
(13, '輕鬆入住 ．一泊三食', 'item_20210511154110.jpg', 'LISA', '現在預定宜蘭東風綠活夢幻露營，免裝備露營輕鬆入住露營帳，新手露營推薦！入住純白系神殿帳篷、享用宜蘭味料理餐桌、體驗療癒系手作，及用心維護生態平衡的天然營地與舒適衛浴設施。\r\n\r\n不須自己搭帳篷，還有貼心小管家服務，只要帶上個人行李，就能輕鬆開啟你的夢幻露營生活！                                                                                ', 3, 0, 0, '2021-05-07', '2021-05-05 13:16:18', '2021-05-13 10:47:58'),
(14, '花蓮豪華露營地踏浪星辰', 'item_20210505151643.jpg', 'Rach', '立即預訂花蓮豪華露營地踏浪星辰，與七星潭、星空零距離接觸，忘記心中的煩惱，喜歡旅行和大自然的朋友們，等著一同探險，感受露營的美妙，立即從 KKday 預訂，與家人朋友共享美好時光，一起玩樂與烤肉，捕捉生命中的美好回憶。                                                                                ', 2, 0, 0, '2021-05-07', '2021-05-05 13:16:43', '2021-05-13 10:48:02'),
(15, '免裝備風格露營', 'item_20210511153933.jpg', 'Tom', '現在訂購苗栗黃金梯田風格露營兩天一夜，免裝備入住景觀大師操刀的風格景致露營區。黃金梯田位於苗栗杭菊花海的中心點，俗稱十一月雪，春有綠芽新發，夏有稻浪波湧，秋有杭菊花海，冬享茶香滿溢，景緻隨四季遞嬗而變化，是網美拍照、家庭享樂的絕佳地點。                                        ', 2, 0, 0, '2021-05-07', '2021-05-05 13:17:00', '2021-05-13 10:48:06'),
(21, '野餐', 'item_20210511152649.jpg', 'Annee', '風和日麗的午後，坐在一片綠草如茵的大草皮上，拿出你前陣子特別挑選的繽紛野餐墊，再從藤編的野餐籃裡，將一大早起床準備的三明治、壽司盒、切片水果、冷泡茶撲滿野餐墊，招呼著今天召集的好友們，一邊大啖美食、一邊在草地上玩遊戲，專屬假日午後的野餐趴踢，正式開始！                                ', 2, 0, 0, '2021-05-11', '2021-05-11 16:32:08', '2021-05-13 10:48:09'),
(22, '輕鬆入住 ．一泊三食', 'item_20210511164544.jpg', 'anybody', ' 一秒變身網美 | 獨家！只有這一檔 ＼PAZZO 風格帳／\r\n\r\n 營主有點海派 | 請你吃澎湃烤肉晚餐. 免費空拍小人照\r\n\r\n 我們也很佛心 | 入住送你風格小禮. PAZZO獨家折扣碼\r\n\r\n 很多放電活動 | 獨家！BenQ 露營星空電影院天天放映\r\n\r\n走！一起去露營\r\n\r\n', 5, 0, 0, '2021-05-11', '2021-05-11 22:45:44', '2021-05-11 22:45:44'),
(24, '懶人露營好簡單', 'item_20210511171305.jpg', 'KK', '踏浪星辰露營 Camp 位於花蓮縣大漢村，距離七星潭僅 100 公尺，住宿可通花園，並設有露台和觀光旅遊櫃台。此帳篷營地可提供免費私人停車位，並設有公共休息區，戶外區有細白沙坑、樹屋溜滑梯、盪鞦韆等遊樂設施，營主還有養小狗、小貓等動物，吸引小朋友的注意，且營區在七星潭旁，相當適合帶小朋友看海踏浪、撿小石頭，度過愜意時光                ', 2, 0, 0, '2021-05-11', '2021-05-11 23:08:13', '2021-05-13 10:48:18'),
(25, '花蓮露營｜踏浪星辰 Camp', 'item_20210511171159.jpg', 'KEN', '立即預訂花蓮豪華露營地踏浪星辰，與七星潭、星空零距離接觸，忘記心中的煩惱，喜歡旅行和大自然的朋友們，等著一同探險，感受露營的美妙，立即預訂，與家人朋友共享美好時光，一起玩樂與烤肉，捕捉生命中的美好回憶。      ', 5, 0, 0, '2021-05-11', '2021-05-11 23:09:26', '2021-05-13 10:48:22');

-- --------------------------------------------------------

--
-- 資料表結構 `ataglist`
--

CREATE TABLE `ataglist` (
  `tagId` int(11) NOT NULL COMMENT '標籤編號',
  `tagName` varchar(50) COLLATE utf8mb4_unicode_ci NOT NULL COMMENT '標籤名稱',
  `created_at` datetime NOT NULL DEFAULT current_timestamp() COMMENT '新增時間',
  `updated_at` datetime NOT NULL DEFAULT current_timestamp() ON UPDATE current_timestamp() COMMENT '更新時間'
) ENGINE=InnoDB DEFAULT CHARSET=utf8mb4 COLLATE=utf8mb4_unicode_ci;

--
-- 傾印資料表的資料 `ataglist`
--

INSERT INTO `ataglist` (`tagId`, `tagName`, `created_at`, `updated_at`) VALUES
(1, '#星期六', '2021-05-10 21:42:06', '2021-05-12 10:47:16'),
(2, '#夜景', '2021-05-10 21:42:06', '2021-05-10 21:45:49'),
(3, '#免裝備', '2021-05-10 21:43:28', '2021-05-10 21:43:28'),
(4, '#高海拔', '2021-05-10 21:43:28', '2021-05-10 21:45:00'),
(5, '#釣魚', '2021-05-10 21:44:23', '2021-05-10 21:44:23'),
(6, '#大草皮', '2021-05-10 21:44:23', '2021-05-10 21:44:23'),
(7, '#櫻花', '2021-05-10 21:45:21', '2021-05-10 21:45:21'),
(8, '#雲海', '2021-05-10 21:45:21', '2021-05-10 21:45:21'),
(9, '#近溪流', '2021-05-10 21:46:31', '2021-05-10 21:46:31'),
(10, '#兒童親子', '2021-05-10 21:46:31', '2021-05-13 10:44:52'),
(12, 'Hello2', '2021-05-13 15:55:41', '2021-05-13 15:55:50');

-- --------------------------------------------------------

--
-- 資料表結構 `atagmap`
--

CREATE TABLE `atagmap` (
  `tmId` int(11) NOT NULL COMMENT '標籤索引編號',
  `tagId` int(11) NOT NULL COMMENT '標籤編號',
  `aId` int(11) NOT NULL COMMENT '文章編號',
  `created_at` datetime NOT NULL DEFAULT current_timestamp() COMMENT '新增時間',
  `updated_at` datetime NOT NULL DEFAULT current_timestamp() ON UPDATE current_timestamp() COMMENT '更新時間'
) ENGINE=InnoDB DEFAULT CHARSET=utf8mb4 COLLATE=utf8mb4_unicode_ci;

--
-- 傾印資料表的資料 `atagmap`
--

INSERT INTO `atagmap` (`tmId`, `tagId`, `aId`, `created_at`, `updated_at`) VALUES
(1, 1, 2, '2021-05-10 22:19:45', '2021-05-10 22:19:45'),
(2, 3, 2, '2021-05-10 22:19:45', '2021-05-10 22:19:45'),
(3, 4, 11, '2021-05-10 22:20:17', '2021-05-10 22:20:17'),
(4, 7, 11, '2021-05-10 22:20:17', '2021-05-10 22:20:17'),
(5, 2, 15, '2021-05-10 22:20:56', '2021-05-10 22:20:56'),
(6, 5, 15, '2021-05-10 22:20:56', '2021-05-10 22:20:56'),
(7, 6, 14, '2021-05-10 22:21:15', '2021-05-10 22:21:15'),
(8, 7, 13, '2021-05-10 22:21:15', '2021-05-10 22:21:15'),
(9, 8, 9, '2021-05-10 22:21:32', '2021-05-10 22:21:32'),
(10, 9, 10, '2021-05-10 22:21:32', '2021-05-10 22:21:32'),
(11, 10, 4, '2021-05-10 22:22:42', '2021-05-10 22:22:42'),
(12, 10, 12, '2021-05-10 22:22:42', '2021-05-10 22:22:42'),
(13, 6, 7, '2021-05-10 22:23:10', '2021-05-10 22:23:10'),
(14, 9, 6, '2021-05-10 22:23:10', '2021-05-10 22:23:10'),
(15, 1, 3, '2021-05-10 22:25:17', '2021-05-10 22:25:17'),
(16, 3, 8, '2021-05-10 22:25:17', '2021-05-10 22:25:17'),
(17, 10, 3, '2021-05-10 22:31:23', '2021-05-10 22:31:23'),
(18, 7, 3, '2021-05-10 22:31:23', '2021-05-10 22:31:23'),
(19, 6, 4, '2021-05-10 22:31:56', '2021-05-10 22:31:56'),
(20, 3, 6, '2021-05-10 22:31:56', '2021-05-10 22:31:56'),
(21, 5, 7, '2021-05-10 22:32:23', '2021-05-10 22:32:23'),
(22, 7, 8, '2021-05-10 22:32:23', '2021-05-10 22:32:23'),
(23, 1, 9, '2021-05-10 22:32:52', '2021-05-10 22:32:52'),
(24, 2, 9, '2021-05-10 22:32:52', '2021-05-10 22:32:52'),
(25, 2, 11, '2021-05-10 22:33:27', '2021-05-10 22:33:27'),
(26, 5, 12, '2021-05-10 22:33:27', '2021-05-10 22:33:27'),
(27, 10, 13, '2021-05-10 22:34:11', '2021-05-10 22:34:11'),
(28, 9, 14, '2021-05-10 22:34:11', '2021-05-10 22:34:11'),
(29, 2, 22, '2021-05-11 23:42:22', '2021-05-11 23:42:22'),
(30, 4, 22, '2021-05-11 23:42:22', '2021-05-11 23:42:22'),
(31, 8, 22, '2021-05-11 23:42:51', '2021-05-11 23:42:51'),
(32, 4, 21, '2021-05-11 23:42:51', '2021-05-11 23:42:51'),
(33, 9, 24, '2021-05-11 23:43:22', '2021-05-11 23:43:22'),
(34, 10, 24, '2021-05-11 23:43:22', '2021-05-11 23:43:22'),
(35, 7, 25, '2021-05-11 23:43:51', '2021-05-11 23:43:51'),
(36, 4, 25, '2021-05-11 23:43:51', '2021-05-11 23:43:51');

-- --------------------------------------------------------

--
-- 資料表結構 `a_multiple_images`
--

CREATE TABLE `a_multiple_images` (
  `multipleImageId` int(11) NOT NULL COMMENT '流水號',
  `multipleImageImg` varchar(100) COLLATE utf8mb4_unicode_ci NOT NULL COMMENT '圖片名稱',
  `itemId` int(11) NOT NULL COMMENT '商品編號',
  `created_at` datetime NOT NULL DEFAULT current_timestamp() COMMENT '新增時間',
  `updated_at` datetime NOT NULL DEFAULT current_timestamp() ON UPDATE current_timestamp() COMMENT '更新時間'
) ENGINE=InnoDB DEFAULT CHARSET=utf8mb4 COLLATE=utf8mb4_unicode_ci COMMENT='商品圖片';

--
-- 傾印資料表的資料 `a_multiple_images`
--

INSERT INTO `a_multiple_images` (`multipleImageId`, `multipleImageImg`, `itemId`, `created_at`, `updated_at`) VALUES
(1, 'multiple_images_20210423044251_0.jpg', 1, '2021-04-23 10:42:51', '2021-04-23 10:42:51'),
(2, 'multiple_images_20210423044251_1.jpg', 1, '2021-04-23 10:42:51', '2021-04-23 10:42:51'),
(3, 'multiple_images_20210423044251_2.jpg', 1, '2021-04-23 10:42:51', '2021-04-23 10:42:51'),
(4, 'multiple_images_20210423044251_3.jpg', 1, '2021-04-23 10:42:51', '2021-04-23 10:42:51');

-- --------------------------------------------------------

--
-- 資料表結構 `carpay`
--

CREATE TABLE `carpay` (
  `cartPayId` int(11) NOT NULL COMMENT '金流代碼',
  `cartPayName` varchar(20) CHARACTER SET utf8mb4 COLLATE utf8mb4_unicode_ci NOT NULL COMMENT '金流名稱',
  `cartPayImg` varchar(100) NOT NULL COMMENT '金流圖片',
  `created_at` datetime NOT NULL DEFAULT current_timestamp() COMMENT '新增時間',
  `updated_at` datetime NOT NULL DEFAULT current_timestamp() ON UPDATE current_timestamp() COMMENT '更新時間'
) ENGINE=InnoDB DEFAULT CHARSET=utf8mb4;

--
-- 傾印資料表的資料 `carpay`
--

INSERT INTO `carpay` (`cartPayId`, `cartPayName`, `cartPayImg`, `created_at`, `updated_at`) VALUES
(1, 'APPLE PAY', '', '2021-05-10 10:14:03', '2021-05-10 10:14:03'),
(2, '雅馬遜配', '', '2021-05-10 10:14:42', '2021-05-11 21:01:21'),
(3, '信用卡', '', '2021-05-10 10:15:09', '2021-05-10 10:15:09'),
(4, '貨到付款', '', '2021-05-10 10:15:26', '2021-05-10 10:15:26');

-- --------------------------------------------------------

--
-- 資料表結構 `cartitem`
--

CREATE TABLE `cartitem` (
  `cartId` int(11) NOT NULL COMMENT '流水號',
  `cartOrderId` varchar(50) CHARACTER SET utf8mb4 COLLATE utf8mb4_unicode_ci NOT NULL COMMENT '訂單編號',
  `cart_id` varchar(10) CHARACTER SET utf8mb4 COLLATE utf8mb4_unicode_ci DEFAULT NULL COMMENT '商品分類編號',
  `product_id` varchar(50) CHARACTER SET utf8mb4 COLLATE utf8mb4_unicode_ci NOT NULL COMMENT '商品編號',
  `cartName` varchar(50) CHARACTER SET utf8mb4 COLLATE utf8mb4_unicode_ci DEFAULT NULL COMMENT '商品名稱',
  `cartBuyQty` int(50) NOT NULL COMMENT '購買數量',
  `cartBuyP` varchar(50) CHARACTER SET utf8mb4 COLLATE utf8mb4_unicode_ci NOT NULL COMMENT '單價',
  `cartTotal` varchar(50) CHARACTER SET utf8mb4 COLLATE utf8mb4_unicode_ci DEFAULT NULL COMMENT '總計金額',
  `cartLogisticsId` int(11) DEFAULT NULL COMMENT '物流方式',
  `cartPayId` int(11) DEFAULT NULL COMMENT '付款方式',
  `cartOther` varchar(50) DEFAULT NULL COMMENT '備用1',
  `cartOther2` int(11) DEFAULT NULL COMMENT '備用2',
  `created_at` datetime NOT NULL DEFAULT current_timestamp() COMMENT '新增時間',
  `updated_at` datetime NOT NULL DEFAULT current_timestamp() ON UPDATE current_timestamp() COMMENT '更新時間'
) ENGINE=InnoDB DEFAULT CHARSET=utf8mb4;

--
-- 傾印資料表的資料 `cartitem`
--

INSERT INTO `cartitem` (`cartId`, `cartOrderId`, `cart_id`, `product_id`, `cartName`, `cartBuyQty`, `cartBuyP`, `cartTotal`, `cartLogisticsId`, `cartPayId`, `cartOther`, `cartOther2`, `created_at`, `updated_at`) VALUES
(37, '20210511160719', '', '1', NULL, 1, '帳篷', '500', 0, 0, '', 0, '2021-05-11 16:07:19', '2021-05-11 16:07:19'),
(38, '20210511160719', '', '2', NULL, 1, '椅子', '500', 0, 0, '', 0, '2021-05-11 16:07:19', '2021-05-11 16:07:19'),
(39, '20210511160719', '', '3', NULL, 2, '桌子', '100', 0, 0, '', 0, '2021-05-11 16:07:19', '2021-05-11 16:07:19'),
(40, '20210511160719', '', '4', NULL, 3, '桌子', '100', 0, 0, '', 0, '2021-05-11 16:07:19', '2021-05-11 16:07:19'),
(41, '20210511160719', '', '5', NULL, 3, '桌子', '200', 0, 0, '', 0, '2021-05-11 16:07:19', '2021-05-11 16:07:19'),
(42, '20210511160949', '', '1', NULL, 1, '帳篷', '500', 0, 0, '', 0, '2021-05-11 16:09:49', '2021-05-11 16:09:49'),
(43, '20210511160949', '', '2', NULL, 1, '椅子', '500', 0, 0, '', 0, '2021-05-11 16:09:49', '2021-05-11 16:09:49'),
(44, '20210511160949', '', '3', NULL, 2, '桌子', '100', 0, 0, '', 0, '2021-05-11 16:09:49', '2021-05-11 16:09:49'),
(45, '20210511160949', '', '4', NULL, 3, '桌子', '100', 0, 0, '', 0, '2021-05-11 16:09:49', '2021-05-11 16:09:49'),
(46, '20210511160949', '', '5', NULL, 3, '桌子', '200', 0, 0, '', 0, '2021-05-11 16:09:49', '2021-05-11 16:09:49'),
(47, '20210511161005', '', '1', NULL, 1, '帳篷', '500', 0, 0, '', 0, '2021-05-11 16:10:05', '2021-05-11 16:10:05'),
(48, '20210511161005', '', '2', NULL, 1, '椅子', '500', 0, 0, '', 0, '2021-05-11 16:10:05', '2021-05-11 16:10:05'),
(49, '20210511161005', '', '3', NULL, 2, '桌子', '100', 0, 0, '', 0, '2021-05-11 16:10:05', '2021-05-11 16:10:05'),
(50, '20210511161005', '', '4', NULL, 3, '桌子', '100', 0, 0, '', 0, '2021-05-11 16:10:05', '2021-05-11 16:10:05'),
(51, '20210511161005', '', '5', NULL, 3, '桌子', '200', 0, 0, '', 0, '2021-05-11 16:10:05', '2021-05-11 16:10:05'),
(87, '20210511164533', '', '1', NULL, 1, '帳篷', '500', 0, 0, '', 0, '2021-05-11 16:45:33', '2021-05-11 16:45:33'),
(88, '20210511164533', '', '2', NULL, 1, '椅子', '500', 0, 0, '', 0, '2021-05-11 16:45:33', '2021-05-11 16:45:33'),
(89, '20210511164533', '', '3', NULL, 2, '桌子', '100', 0, 0, '', 0, '2021-05-11 16:45:33', '2021-05-11 16:45:33'),
(90, '20210511164533', '', '4', NULL, 3, '桌子', '100', 0, 0, '', 0, '2021-05-11 16:45:33', '2021-05-11 16:45:33'),
(91, '20210511164533', '', '5', NULL, 3, '桌子', '200', 0, 0, '', 0, '2021-05-11 16:45:33', '2021-05-11 16:45:33'),
(102, '20210511143203', NULL, '1', NULL, 1, '帳篷', '500', NULL, NULL, NULL, NULL, '2021-05-11 20:32:03', '2021-05-11 20:32:03'),
(103, '20210511143203', NULL, '2', NULL, 1, '椅子', '500', NULL, NULL, NULL, NULL, '2021-05-11 20:32:03', '2021-05-11 20:32:03'),
(104, '20210511143203', NULL, '3', NULL, 2, '桌子', '100', NULL, NULL, NULL, NULL, '2021-05-11 20:32:03', '2021-05-11 20:32:03'),
(105, '20210511143203', NULL, '4', NULL, 3, '桌子', '100', NULL, NULL, NULL, NULL, '2021-05-11 20:32:03', '2021-05-11 20:32:03'),
(106, '20210511143203', NULL, '5', NULL, 3, '桌子', '200', NULL, NULL, NULL, NULL, '2021-05-11 20:32:03', '2021-05-11 20:32:03'),
(107, '20210511143228', NULL, '1', NULL, 1, '帳篷', '500', NULL, NULL, NULL, NULL, '2021-05-11 20:32:28', '2021-05-11 20:32:28'),
(108, '20210511143228', NULL, '2', NULL, 1, '椅子', '500', NULL, NULL, NULL, NULL, '2021-05-11 20:32:28', '2021-05-11 20:32:28'),
(109, '20210511143228', NULL, '3', NULL, 2, '桌子', '100', NULL, NULL, NULL, NULL, '2021-05-11 20:32:28', '2021-05-11 20:32:28'),
(110, '20210511143228', NULL, '4', NULL, 3, '桌子', '100', NULL, NULL, NULL, NULL, '2021-05-11 20:32:28', '2021-05-11 20:32:28'),
(111, '20210511143228', NULL, '5', NULL, 3, '桌子', '200', NULL, NULL, NULL, NULL, '2021-05-11 20:32:28', '2021-05-11 20:32:28'),
(217, '20210512112612', NULL, '1', '8人帳', 3, '500', NULL, NULL, NULL, NULL, NULL, '2021-05-12 11:26:12', '2021-05-12 11:26:12'),
(218, '20210512112612', NULL, '2', '雙人椅子', 1, '500', NULL, NULL, NULL, NULL, NULL, '2021-05-12 11:26:12', '2021-05-12 11:26:12'),
(219, '20210512112612', NULL, '3', '圓桌', 1, '100', NULL, NULL, NULL, NULL, NULL, '2021-05-12 11:26:12', '2021-05-12 11:26:12'),
(220, '20210512112612', NULL, '4', '烤肉架', 1, '100', NULL, NULL, NULL, NULL, NULL, '2021-05-12 11:26:12', '2021-05-12 11:26:12'),
(221, '20210512112612', NULL, '5', '1公噸神豬', 3, '200', NULL, NULL, NULL, NULL, NULL, '2021-05-12 11:26:12', '2021-05-12 11:26:12'),
(222, '20210512112635', NULL, '1', '8人帳', 4, '500', NULL, NULL, NULL, NULL, NULL, '2021-05-12 11:26:35', '2021-05-12 11:26:35'),
(223, '20210512112635', NULL, '2', '雙人椅子', 1, '500', NULL, NULL, NULL, NULL, NULL, '2021-05-12 11:26:35', '2021-05-12 11:26:35'),
(224, '20210512112635', NULL, '3', '圓桌', 4, '100', NULL, NULL, NULL, NULL, NULL, '2021-05-12 11:26:35', '2021-05-12 11:26:35'),
(225, '20210512112635', NULL, '4', '烤肉架', 1, '100', NULL, NULL, NULL, NULL, NULL, '2021-05-12 11:26:35', '2021-05-12 11:26:35'),
(226, '20210512112635', NULL, '5', '1公噸神豬', 4, '200', NULL, NULL, NULL, NULL, NULL, '2021-05-12 11:26:35', '2021-05-12 11:26:35'),
(227, '20210512113028', NULL, '1', '8人帳', 2, '500', NULL, NULL, NULL, NULL, NULL, '2021-05-12 11:30:28', '2021-05-12 11:30:28'),
(228, '20210512113028', NULL, '2', '雙人椅子', 1, '500', NULL, NULL, NULL, NULL, NULL, '2021-05-12 11:30:28', '2021-05-12 11:30:28'),
(229, '20210512113028', NULL, '3', '圓桌', 2, '100', NULL, NULL, NULL, NULL, NULL, '2021-05-12 11:30:28', '2021-05-12 11:30:28'),
(230, '20210512113028', NULL, '4', '烤肉架', 1, '100', NULL, NULL, NULL, NULL, NULL, '2021-05-12 11:30:28', '2021-05-12 11:30:28'),
(231, '20210512113028', NULL, '5', '1公噸神豬', 2, '200', NULL, NULL, NULL, NULL, NULL, '2021-05-12 11:30:28', '2021-05-12 11:30:28'),
(232, '20210512113051', NULL, '1', '8人帳', 2, '500', NULL, NULL, NULL, NULL, NULL, '2021-05-12 11:30:51', '2021-05-12 11:30:51'),
(233, '20210512113051', NULL, '2', '雙人椅子', 1, '500', NULL, NULL, NULL, NULL, NULL, '2021-05-12 11:30:51', '2021-05-12 11:30:51'),
(234, '20210512113051', NULL, '3', '圓桌', 2, '100', NULL, NULL, NULL, NULL, NULL, '2021-05-12 11:30:51', '2021-05-12 11:30:51'),
(235, '20210512113051', NULL, '4', '烤肉架', 1, '100', NULL, NULL, NULL, NULL, NULL, '2021-05-12 11:30:51', '2021-05-12 11:30:51'),
(236, '20210512113051', NULL, '5', '1公噸神豬', 2, '200', NULL, NULL, NULL, NULL, NULL, '2021-05-12 11:30:51', '2021-05-12 11:30:51'),
(237, '20210512113241', NULL, '1', '8人帳', 2, '500', NULL, NULL, NULL, NULL, NULL, '2021-05-12 11:32:41', '2021-05-12 11:32:41'),
(238, '20210512113241', NULL, '2', '雙人椅子', 1, '500', NULL, NULL, NULL, NULL, NULL, '2021-05-12 11:32:41', '2021-05-12 11:32:41'),
(239, '20210512113241', NULL, '3', '圓桌', 2, '100', NULL, NULL, NULL, NULL, NULL, '2021-05-12 11:32:41', '2021-05-12 11:32:41'),
(240, '20210512113241', NULL, '4', '烤肉架', 1, '100', NULL, NULL, NULL, NULL, NULL, '2021-05-12 11:32:41', '2021-05-12 11:32:41'),
(241, '20210512113241', NULL, '5', '1公噸神豬', 2, '200', NULL, NULL, NULL, NULL, NULL, '2021-05-12 11:32:41', '2021-05-12 11:32:41'),
(242, '20210512142605', NULL, '1', '8人帳', 1, '500', NULL, NULL, NULL, NULL, NULL, '2021-05-12 14:26:05', '2021-05-12 14:26:05'),
(243, '20210512142605', NULL, '2', '雙人椅子', 0, '500', NULL, NULL, NULL, NULL, NULL, '2021-05-12 14:26:05', '2021-05-12 14:26:05'),
(244, '20210512142605', NULL, '3', '圓桌', 0, '100', NULL, NULL, NULL, NULL, NULL, '2021-05-12 14:26:05', '2021-05-12 14:26:05'),
(245, '20210512142605', NULL, '4', '烤肉架', 0, '100', NULL, NULL, NULL, NULL, NULL, '2021-05-12 14:26:05', '2021-05-12 14:26:05'),
(246, '20210512142605', NULL, '5', '1公噸神豬', 0, '200', NULL, NULL, NULL, NULL, NULL, '2021-05-12 14:26:05', '2021-05-12 14:26:05'),
(247, '20210512142627', NULL, '1', '8人帳', 1, '500', NULL, NULL, NULL, NULL, NULL, '2021-05-12 14:26:27', '2021-05-12 14:26:27'),
(248, '20210512142627', NULL, '2', '雙人椅子', 0, '500', NULL, NULL, NULL, NULL, NULL, '2021-05-12 14:26:27', '2021-05-12 14:26:27'),
(249, '20210512142627', NULL, '3', '圓桌', 0, '100', NULL, NULL, NULL, NULL, NULL, '2021-05-12 14:26:27', '2021-05-12 14:26:27'),
(250, '20210512142627', NULL, '4', '烤肉架', 0, '100', NULL, NULL, NULL, NULL, NULL, '2021-05-12 14:26:27', '2021-05-12 14:26:27'),
(251, '20210512142627', NULL, '5', '1公噸神豬', 0, '200', NULL, NULL, NULL, NULL, NULL, '2021-05-12 14:26:27', '2021-05-12 14:26:27'),
(252, '20210512142646', NULL, '1', '8人帳', 1, '500', NULL, NULL, NULL, NULL, NULL, '2021-05-12 14:26:46', '2021-05-12 14:26:46'),
(253, '20210512142646', NULL, '2', '雙人椅子', 0, '500', NULL, NULL, NULL, NULL, NULL, '2021-05-12 14:26:46', '2021-05-12 14:26:46'),
(254, '20210512142646', NULL, '3', '圓桌', 0, '100', NULL, NULL, NULL, NULL, NULL, '2021-05-12 14:26:46', '2021-05-12 14:26:46'),
(255, '20210512142646', NULL, '4', '烤肉架', 0, '100', NULL, NULL, NULL, NULL, NULL, '2021-05-12 14:26:46', '2021-05-12 14:26:46'),
(256, '20210512142646', NULL, '5', '1公噸神豬', 0, '200', NULL, NULL, NULL, NULL, NULL, '2021-05-12 14:26:46', '2021-05-12 14:26:46'),
(257, '20210512142858', NULL, '1', '8人帳', 1, '500', NULL, NULL, NULL, NULL, NULL, '2021-05-12 14:28:58', '2021-05-12 14:28:58'),
(258, '20210512142858', NULL, '2', '雙人椅子', 0, '500', NULL, NULL, NULL, NULL, NULL, '2021-05-12 14:28:58', '2021-05-12 14:28:58'),
(259, '20210512142858', NULL, '3', '圓桌', 0, '100', NULL, NULL, NULL, NULL, NULL, '2021-05-12 14:28:58', '2021-05-12 14:28:58'),
(260, '20210512142858', NULL, '4', '烤肉架', 0, '100', NULL, NULL, NULL, NULL, NULL, '2021-05-12 14:28:58', '2021-05-12 14:28:58'),
(261, '20210512142858', NULL, '5', '1公噸神豬', 0, '200', NULL, NULL, NULL, NULL, NULL, '2021-05-12 14:28:58', '2021-05-12 14:28:58'),
(262, '20210512143044', NULL, '1', '8人帳', 1, '500', NULL, NULL, NULL, NULL, NULL, '2021-05-12 14:30:44', '2021-05-12 14:30:44'),
(263, '20210512143044', NULL, '2', '雙人椅子', 1, '500', NULL, NULL, NULL, NULL, NULL, '2021-05-12 14:30:44', '2021-05-12 14:30:44'),
(264, '20210512143044', NULL, '3', '圓桌', 1, '100', NULL, NULL, NULL, NULL, NULL, '2021-05-12 14:30:44', '2021-05-12 14:30:44'),
(265, '20210512143044', NULL, '4', '烤肉架', 1, '100', NULL, NULL, NULL, NULL, NULL, '2021-05-12 14:30:44', '2021-05-12 14:30:44'),
(266, '20210512143044', NULL, '5', '1公噸神豬', 1, '200', NULL, NULL, NULL, NULL, NULL, '2021-05-12 14:30:44', '2021-05-12 14:30:44'),
(267, '20210512083645', NULL, '1', '8人帳', 1, '500', NULL, NULL, NULL, NULL, NULL, '2021-05-12 14:36:45', '2021-05-12 14:36:45'),
(268, '20210512083645', NULL, '2', '雙人椅子', 1, '500', NULL, NULL, NULL, NULL, NULL, '2021-05-12 14:36:45', '2021-05-12 14:36:45'),
(269, '20210512083645', NULL, '3', '圓桌', 1, '100', NULL, NULL, NULL, NULL, NULL, '2021-05-12 14:36:45', '2021-05-12 14:36:45'),
(270, '20210512083645', NULL, '4', '烤肉架', 1, '100', NULL, NULL, NULL, NULL, NULL, '2021-05-12 14:36:45', '2021-05-12 14:36:45'),
(271, '20210512083645', NULL, '5', '1公噸神豬', 1, '200', NULL, NULL, NULL, NULL, NULL, '2021-05-12 14:36:45', '2021-05-12 14:36:45'),
(272, '20210512083748', NULL, '1', '8人帳', 1, '500', NULL, NULL, NULL, NULL, NULL, '2021-05-12 14:37:48', '2021-05-12 14:37:48'),
(273, '20210512083748', NULL, '2', '雙人椅子', 1, '500', NULL, NULL, NULL, NULL, NULL, '2021-05-12 14:37:48', '2021-05-12 14:37:48'),
(274, '20210512083748', NULL, '3', '圓桌', 1, '100', NULL, NULL, NULL, NULL, NULL, '2021-05-12 14:37:48', '2021-05-12 14:37:48'),
(275, '20210512083748', NULL, '4', '烤肉架', 1, '100', NULL, NULL, NULL, NULL, NULL, '2021-05-12 14:37:48', '2021-05-12 14:37:48'),
(276, '20210512083748', NULL, '5', '1公噸神豬', 1, '200', NULL, NULL, NULL, NULL, NULL, '2021-05-12 14:37:48', '2021-05-12 14:37:48'),
(277, '20210512083917', NULL, '1', '8人帳', 1, '500', NULL, NULL, NULL, NULL, NULL, '2021-05-12 14:39:17', '2021-05-12 14:39:17'),
(278, '20210512083917', NULL, '2', '雙人椅子', 0, '500', NULL, NULL, NULL, NULL, NULL, '2021-05-12 14:39:17', '2021-05-12 14:39:17'),
(279, '20210512083917', NULL, '3', '圓桌', 0, '100', NULL, NULL, NULL, NULL, NULL, '2021-05-12 14:39:17', '2021-05-12 14:39:17'),
(280, '20210512083917', NULL, '4', '烤肉架', 0, '100', NULL, NULL, NULL, NULL, NULL, '2021-05-12 14:39:17', '2021-05-12 14:39:17'),
(281, '20210512083917', NULL, '5', '1公噸神豬', 0, '200', NULL, NULL, NULL, NULL, NULL, '2021-05-12 14:39:17', '2021-05-12 14:39:17'),
(332, '20210512141730', NULL, '1', NULL, 0, '500', NULL, NULL, NULL, NULL, NULL, '2021-05-12 20:17:30', '2021-05-12 20:17:30'),
(333, '20210512141730', NULL, '1', NULL, 0, '500', NULL, NULL, NULL, NULL, NULL, '2021-05-12 20:17:30', '2021-05-12 20:17:30'),
(334, '20210512141730', NULL, '1', NULL, 0, '500', NULL, NULL, NULL, NULL, NULL, '2021-05-12 20:17:30', '2021-05-12 20:17:30'),
(335, '20210512141730', NULL, '1', NULL, 0, '500', NULL, NULL, NULL, NULL, NULL, '2021-05-12 20:17:30', '2021-05-12 20:17:30'),
(356, '20210512151118', NULL, '1', '8人帳', 10, '500', NULL, NULL, NULL, NULL, NULL, '2021-05-12 21:11:18', '2021-05-12 21:11:18'),
(357, '20210512151118', NULL, '2', '雙人椅子', 10, '100', NULL, NULL, NULL, NULL, NULL, '2021-05-12 21:11:18', '2021-05-12 21:11:18'),
(358, '20210512151454', NULL, '1', '8人帳', 10, '500', NULL, NULL, NULL, NULL, NULL, '2021-05-12 21:14:54', '2021-05-12 21:14:54'),
(359, '20210512151713', NULL, '1', '8人帳', 10, '500', NULL, NULL, NULL, NULL, NULL, '2021-05-12 21:17:13', '2021-05-12 21:17:13'),
(360, '20210512151816', NULL, '4', '烤肉架', 10, '200', NULL, NULL, NULL, NULL, NULL, '2021-05-12 21:18:16', '2021-05-12 21:18:16'),
(361, '20210512152217', NULL, '1', '8人帳', 10, '500', NULL, NULL, NULL, NULL, NULL, '2021-05-12 21:22:17', '2021-05-12 21:22:17'),
(362, '20210512152340', NULL, '1', '8人帳', 10, '500', NULL, NULL, NULL, NULL, NULL, '2021-05-12 21:23:40', '2021-05-12 21:23:40'),
(363, '20210512152415', NULL, '1', '8人帳', 10, '500', NULL, NULL, NULL, NULL, NULL, '2021-05-12 21:24:15', '2021-05-12 21:24:15'),
(364, '20210512152415', NULL, '2', '雙人椅子', 10, '100', NULL, NULL, NULL, NULL, NULL, '2021-05-12 21:24:15', '2021-05-12 21:24:15'),
(365, '20210512152553', NULL, '1', '8人帳', 10, '500', NULL, NULL, NULL, NULL, NULL, '2021-05-12 21:25:53', '2021-05-12 21:25:53'),
(366, '20210512153738', NULL, '2', '雙人椅子', 10, '100', NULL, NULL, NULL, NULL, NULL, '2021-05-12 21:37:38', '2021-05-12 21:37:38'),
(367, '20210512153832', NULL, '4', '烤肉架', 10, '200', NULL, NULL, NULL, NULL, NULL, '2021-05-12 21:38:32', '2021-05-12 21:38:32'),
(368, '20210512153832', NULL, '4', '烤肉架', 10, '200', NULL, NULL, NULL, NULL, NULL, '2021-05-12 21:38:32', '2021-05-12 21:38:32'),
(369, '20210512154105', NULL, '1', '8人帳', 10, '500', NULL, NULL, NULL, NULL, NULL, '2021-05-12 21:41:05', '2021-05-12 21:41:05'),
(370, '20210512155515', NULL, '1', '8人帳', 10, '500', NULL, NULL, NULL, NULL, NULL, '2021-05-12 21:55:15', '2021-05-12 21:55:15'),
(371, '20210512160248', NULL, '3', '圓桌', 10, '200', NULL, NULL, NULL, NULL, NULL, '2021-05-12 22:02:48', '2021-05-12 22:02:48'),
(372, '20210512161404', NULL, '1', '8人帳', 1, '500', NULL, NULL, NULL, NULL, NULL, '2021-05-12 22:14:04', '2021-05-12 22:14:04'),
(373, '20210512162531', NULL, '1', '8人帳', 1, '500', NULL, NULL, NULL, NULL, NULL, '2021-05-12 22:25:31', '2021-05-12 22:25:31'),
(374, '20210512162531', NULL, '2', '雙人椅子', 2, '100', NULL, NULL, NULL, NULL, NULL, '2021-05-12 22:25:31', '2021-05-12 22:25:31'),
(375, '20210512164820', NULL, '1', '8人帳', 1, '500', NULL, NULL, NULL, NULL, NULL, '2021-05-12 22:48:20', '2021-05-12 22:48:20'),
(376, '20210512164820', NULL, '3', '圓桌', 1, '200', NULL, NULL, NULL, NULL, NULL, '2021-05-12 22:48:20', '2021-05-12 22:48:20'),
(378, '20210512173323', NULL, '1', '8人帳', 1, '500', NULL, NULL, NULL, NULL, NULL, '2021-05-12 23:33:23', '2021-05-12 23:33:23'),
(379, '20210513092253', NULL, '1', '8人帳', 1, '500', NULL, NULL, NULL, NULL, NULL, '2021-05-13 09:22:53', '2021-05-13 09:22:53'),
(380, '20210513092253', NULL, '1', '8人帳', 3, '500', NULL, NULL, NULL, NULL, NULL, '2021-05-13 09:22:53', '2021-05-13 09:22:53'),
(381, '20210513105915', NULL, '1', '1', 1, '3500', NULL, NULL, NULL, NULL, NULL, '2021-05-13 10:59:15', '2021-05-13 10:59:15'),
(382, '20210513105915', NULL, '1', '1', 1, '3500', NULL, NULL, NULL, NULL, NULL, '2021-05-13 10:59:15', '2021-05-13 10:59:15'),
(383, '20210513110247', NULL, '1', 'Minute Dome Pro. air 1 (SSD-712)', 1, '3500', NULL, NULL, NULL, NULL, NULL, '2021-05-13 11:02:47', '2021-05-13 11:02:47'),
(388, '20210513115344', NULL, '2', 'Landbreeze寢室帳 Pro.1 (SD-641)', 1, '2000', NULL, NULL, NULL, NULL, NULL, '2021-05-13 11:53:44', '2021-05-13 11:53:44'),
(389, '20210513115344', NULL, '4', 'Landbreeze寢室帳 Pro.4 (SD-644)', 1, '5000', NULL, NULL, NULL, NULL, NULL, '2021-05-13 11:53:44', '2021-05-13 11:53:44'),
(393, '20210513104418', NULL, '2', 'Landbreeze寢室帳 Pro.1 (SD-641)', 1, '2000', NULL, NULL, NULL, NULL, NULL, '2021-05-13 16:44:18', '2021-05-13 16:44:18'),
(394, '20210513104418', NULL, '9', 'HD 六角蝶形天幕 Pro. 焚火內掛頂布 (TP-250IR)', 1, '1500', NULL, NULL, NULL, NULL, NULL, '2021-05-13 16:44:18', '2021-05-13 16:44:18'),
(395, '20210513104418', NULL, '14', '大地帳 Pro.L (TP-450)', 1, '4790', NULL, NULL, NULL, NULL, NULL, '2021-05-13 16:44:18', '2021-05-13 16:44:18'),
(396, '20210513104418', NULL, '3', 'Landbreeze寢室帳 Pro.3 (SD-643)', 1, '3000', NULL, NULL, NULL, NULL, NULL, '2021-05-13 16:44:18', '2021-05-13 16:44:18'),
(397, '20210513104418', NULL, '12', '方形天幕 M (TP-841)', 1, '1200', NULL, NULL, NULL, NULL, NULL, '2021-05-13 16:44:18', '2021-05-13 16:44:18'),
(398, '20210513104418', NULL, '17', '不鏽鋼真空保溫瓶M型350 原色', 1, '100', NULL, NULL, NULL, NULL, NULL, '2021-05-13 16:44:18', '2021-05-13 16:44:18');

-- --------------------------------------------------------

--
-- 資料表結構 `cartlogistics`
--

CREATE TABLE `cartlogistics` (
  `cartId` int(11) NOT NULL COMMENT '流水號',
  `cartLogisticsId` int(11) NOT NULL COMMENT '物流代碼',
  `cartLogisticsName` varchar(100) CHARACTER SET utf8mb4 COLLATE utf8mb4_unicode_ci NOT NULL COMMENT '物流名稱',
  `created_at` datetime NOT NULL DEFAULT current_timestamp() COMMENT '新增時間',
  `updated_at` datetime NOT NULL DEFAULT current_timestamp() ON UPDATE current_timestamp() COMMENT '更新時間'
) ENGINE=InnoDB DEFAULT CHARSET=utf8mb4;

--
-- 傾印資料表的資料 `cartlogistics`
--

INSERT INTO `cartlogistics` (`cartId`, `cartLogisticsId`, `cartLogisticsName`, `created_at`, `updated_at`) VALUES
(1, 1, '宅配', '2021-05-10 10:13:17', '2021-05-10 10:13:17'),
(2, 2, '7-11店到店', '2021-05-10 10:13:40', '2021-05-10 10:13:40');

-- --------------------------------------------------------

--
-- 資料表結構 `cartorder`
--

CREATE TABLE `cartorder` (
  `cartOrderId` varchar(50) CHARACTER SET utf8mb4 COLLATE utf8mb4_unicode_ci NOT NULL COMMENT '訂單編號',
  `mid` int(11) DEFAULT NULL COMMENT '會員編號',
  `created_at` datetime NOT NULL DEFAULT current_timestamp() COMMENT '新增時間',
  `updated_at` datetime NOT NULL DEFAULT current_timestamp() ON UPDATE current_timestamp() COMMENT '更新時間',
  `cartStatus` varchar(20) CHARACTER SET utf8mb4 COLLATE utf8mb4_unicode_ci DEFAULT NULL,
  `cartDescription` varchar(50) CHARACTER SET utf8mb4 COLLATE utf8mb4_unicode_ci DEFAULT NULL,
  `cartLogisticsId` int(11) DEFAULT NULL COMMENT '物流方式',
  `cartPayId` int(11) DEFAULT NULL COMMENT '付款方式',
  `cartTotal` int(50) DEFAULT NULL COMMENT '總價',
  `nNN` varchar(50) CHARACTER SET utf8mb4 COLLATE utf8mb4_unicode_ci NOT NULL COMMENT '收件人姓名',
  `nAA` varchar(50) CHARACTER SET utf8mb4 COLLATE utf8mb4_unicode_ci NOT NULL COMMENT '收件人地址',
  `nCC` varchar(20) CHARACTER SET utf8mb4 COLLATE utf8mb4_unicode_ci NOT NULL COMMENT '收件人電話'
) ENGINE=InnoDB DEFAULT CHARSET=utf8mb4;

--
-- 傾印資料表的資料 `cartorder`
--

INSERT INTO `cartorder` (`cartOrderId`, `mid`, `created_at`, `updated_at`, `cartStatus`, `cartDescription`, `cartLogisticsId`, `cartPayId`, `cartTotal`, `nNN`, `nAA`, `nCC`) VALUES
('20210512083645', 1, '2021-05-12 14:36:45', '2021-05-12 14:36:45', '待出貨', '123', 1, 1, 1200, '123', '123', '123'),
('20210512083748', 1, '2021-05-12 14:37:48', '2021-05-12 14:38:05', '待出貨', '1', 1, 1, 1200, '112', '12', '12'),
('20210512083917', 1, '2021-05-12 14:39:17', '2021-05-12 14:39:17', '待出貨', '11', 1, 1, 1200, '11', '11', '11'),
('20210512112612', 1, '2021-05-12 11:26:12', '2021-05-12 11:26:12', '待出貨', '123', 1, 1, 1800, '123', '123123', '123'),
('20210512112635', 1, '2021-05-12 11:26:35', '2021-05-12 11:26:35', '待出貨', '21213', 2, 2, 1800, '1232133', '123213213', '1232132'),
('20210512113028', 1, '2021-05-12 11:30:28', '2021-05-12 11:30:28', '待出貨', '444', 1, 1, 1200, '154444', '444', '444'),
('20210512113051', 1, '2021-05-12 11:30:51', '2021-05-12 11:30:51', '待出貨', '123', 1, 1, 1200, '123', '123', '123'),
('20210512113241', 1, '2021-05-12 11:32:41', '2021-05-12 11:53:19', '訂單完成', '2222', 1, 1, 1200, '2131231', '1231231', '1231'),
('20210512142605', 1, '2021-05-12 14:26:05', '2021-05-12 14:26:05', '待出貨', '11', 1, 1, 1200, '11', '11', '11'),
('20210512142627', 1, '2021-05-12 14:26:27', '2021-05-12 14:26:27', '待出貨', '1', 1, 1, 1200, '1', '1', '1'),
('20210512142646', 1, '2021-05-12 14:26:46', '2021-05-12 14:26:46', '待出貨', '1', 1, 1, 1200, '1', '1', '1'),
('20210512142858', 1, '2021-05-12 14:28:58', '2021-05-12 14:28:58', '待出貨', '123', 1, 1, 1200, '123', '123', '132'),
('20210512143044', 1, '2021-05-12 14:30:44', '2021-05-12 14:30:44', '待出貨', '123', 1, 1, 1200, '123', '123', '123'),
('20210512151118', 1, '2021-05-12 21:11:18', '2021-05-12 21:11:18', '待出貨', '123', 1, 1, NULL, '孫小美', '0978978978', '0941441441'),
('20210512151454', 1, '2021-05-12 21:14:54', '2021-05-12 21:14:54', '待出貨', '早上送達', 1, 1, NULL, '孫小美', '0978978978', '11'),
('20210512151713', 1, '2021-05-12 21:17:13', '2021-05-12 21:17:13', '待出貨', '1', 1, 1, NULL, '1', '1', '1'),
('20210512151816', 1, '2021-05-12 21:18:16', '2021-05-12 21:18:16', '待出貨', '1', 1, 1, NULL, 'ㄆ', '1', '1'),
('20210512152217', 1, '2021-05-12 21:22:17', '2021-05-12 21:22:17', '待出貨', '1', 1, 1, NULL, '1', '1', '1'),
('20210512152340', 1, '2021-05-12 21:23:40', '2021-05-12 21:23:40', '待出貨', '1', 1, 1, NULL, '1', '1', '1'),
('20210512152415', 1, '2021-05-12 21:24:15', '2021-05-12 21:24:15', '待出貨', '4', 1, 1, NULL, '4', '4', '4'),
('20210512152553', 1, '2021-05-12 21:25:53', '2021-05-12 21:25:53', '待出貨', '1', 1, 1, NULL, '1', '1', '1'),
('20210512153738', 1, '2021-05-12 21:37:38', '2021-05-12 21:37:38', '待出貨', '', 1, 1, NULL, '', '', ''),
('20210512153832', 1, '2021-05-12 21:38:32', '2021-05-12 21:38:32', '待出貨', '1', 1, 1, NULL, '1', '1', '1'),
('20210512154105', 1, '2021-05-12 21:41:05', '2021-05-12 21:41:05', '待出貨', '1', 1, 1, NULL, '1', '1', '1'),
('20210512155515', 1, '2021-05-12 21:55:15', '2021-05-12 21:55:15', '待出貨', '', 1, 1, NULL, '', '', ''),
('20210512160248', 1, '2021-05-12 22:02:48', '2021-05-12 22:05:03', '已出貨', '1', 1, 1, NULL, '2', '1', '1'),
('20210512161404', 1, '2021-05-12 22:14:04', '2021-05-12 22:14:04', '待出貨', '', 1, 1, NULL, '', '', ''),
('20210512162531', 1, '2021-05-12 22:25:31', '2021-05-12 22:25:31', '待出貨', '', 1, 1, NULL, '', '', ''),
('20210512164820', 1, '2021-05-12 22:48:20', '2021-05-12 22:48:20', '待出貨', '', 1, 1, NULL, '', '', ''),
('20210512173323', 1, '2021-05-12 23:33:23', '2021-05-12 23:33:35', '已出貨', '吃飽', 1, 1, 500, '北投送粽機', '台北市北投區北投裡南投路', '0911222333'),
('20210513092253', 1, '2021-05-13 09:22:53', '2021-05-13 09:23:17', '已出貨', '請在早上送達', 2, 1, 2000, '素還真', '台中市中區台灣大道996號', '0922444223'),
('20210513104418', 1, '2021-05-13 16:44:18', '2021-05-13 16:44:18', '待出貨', '', 1, 1, 12590, '', '', ''),
('20210513105915', 1, '2021-05-13 10:59:15', '2021-05-13 10:59:15', '待出貨', '', 1, 1, 7000, '', '', ''),
('20210513110247', 1, '2021-05-13 11:02:47', '2021-05-13 11:02:47', '待出貨', '', 1, 1, 3500, '', '', ''),
('20210513115344', 1, '2021-05-13 11:53:44', '2021-05-13 11:53:59', '已出貨', '123', 1, 1, 7000, '123', '123', '123');

-- --------------------------------------------------------

--
-- 資料表結構 `member`
--

CREATE TABLE `member` (
  `mId` int(11) NOT NULL COMMENT '會員ID，流水號',
  `email` varchar(100) COLLATE utf8mb4_unicode_ci NOT NULL COMMENT '會員帳號/信箱',
  `password` char(40) COLLATE utf8mb4_unicode_ci NOT NULL COMMENT '會員密碼',
  `fName` varchar(50) COLLATE utf8mb4_unicode_ci DEFAULT NULL COMMENT '姓氏',
  `lName` varchar(50) COLLATE utf8mb4_unicode_ci DEFAULT NULL COMMENT '姓名',
  `nickname` varchar(50) COLLATE utf8mb4_unicode_ci NOT NULL COMMENT '暱稱',
  `phone` varchar(20) COLLATE utf8mb4_unicode_ci NOT NULL COMMENT '手機號碼',
  `birthday` date NOT NULL COMMENT '生日',
  `gender` char(1) COLLATE utf8mb4_unicode_ci NOT NULL,
  `address` varchar(100) COLLATE utf8mb4_unicode_ci NOT NULL COMMENT '地址',
  `created_at` datetime NOT NULL DEFAULT current_timestamp() COMMENT '新增時間',
  `updated_at` datetime NOT NULL DEFAULT current_timestamp() ON UPDATE current_timestamp() COMMENT '更新時間',
  `isActivated` tinyint(1) NOT NULL DEFAULT 1 COMMENT '開通狀況'
) ENGINE=InnoDB DEFAULT CHARSET=utf8mb4 COLLATE=utf8mb4_unicode_ci;

--
-- 傾印資料表的資料 `member`
--

INSERT INTO `member` (`mId`, `email`, `password`, `fName`, `lName`, `nickname`, `phone`, `birthday`, `gender`, `address`, `created_at`, `updated_at`, `isActivated`) VALUES
(1, 'test@gmail.com', 'da39a3ee5e6b4b0d3255bfef95601890afd80709', '林', NULL, '猛男撿樹枝2', '0953967734', '0000-00-00', '女', '桃園市龜山區頂興路48巷23號', '2021-05-05 16:27:22', '2021-07-08 21:25:19', 1),
(2, 'test2@gmail.com', 'da39a3ee5e6b4b0d3255bfef95601890afd80709', NULL, NULL, '卑鄙源之助2', '0970408634', '0000-00-00', '女', '新竹市東區綠水路133巷1號1樓', '2021-05-05 16:32:15', '2021-07-08 21:25:18', 1),
(4, 'test4@gmail.com', 'da39a3ee5e6b4b0d3255bfef95601890afd80709', NULL, NULL, '台北暴徒aka黑魔王', '0926582165', '0000-00-00', '女', '台北市信義區富陽街256號', '2021-05-05 16:33:09', '2021-07-08 21:25:17', 1),
(6, 'test6@gmail.com', '40bd001563085fc35165329ea1ff5c5ecbdbbeef', NULL, NULL, '話語霸權', '0953967734', '0000-00-00', '女', '桃園市龜山區頂興路48巷23號', '2021-05-05 16:44:42', '2021-07-08 21:25:17', 1),
(7, 'test8@gmail.com', '40bd001563085fc35165329ea1ff5c5ecbdbbeef', NULL, NULL, '人民的法槌', '0953357937', '0000-00-00', '女', '新北市土城區中央路一段59巷13號', '2021-05-05 21:07:58', '2021-07-08 21:25:16', 1),
(8, 'test9@gmail.com', '5f6955d227a320c7f1f6c7da2a6d96a851a8118f', NULL, NULL, '構造改革', '0972539816', '0000-00-00', '女', '台北市信義區崇德街133巷6號', '2021-05-05 21:08:20', '2021-07-08 21:25:15', 1),
(9, 'test10@gmail.com', '5f6955d227a320c7f1f6c7da2a6d96a851a8118f', NULL, NULL, '話語霸權', '0970443589', '0000-00-00', '女', '台北市信義區吳興街167巷15號', '2021-05-05 21:13:03', '2021-07-08 21:25:15', 1),
(14, 'test11@gmail.com', 'l@STn3MzMV', NULL, NULL, '金馬麒麟刀加暗盾', '0970443589', '0000-00-00', '女', '台北市信義區吳興街1', '2021-05-10 10:07:48', '2021-07-08 21:25:14', 1),
(123, 'test3@gmail.com', 'da39a3ee5e6b4b0d3255bfef95601890afd80709', NULL, NULL, '惡魔貓男', '0953900670', '0000-00-00', '女', '新北市板橋區大觀路二段200號', '2021-05-05 16:32:55', '2021-07-08 21:25:13', 1),
(125, 'good@gmail.com', '40bd001563085fc35165329ea1ff5c5ecbdbbeef', '林', NULL, '韭菜戰士2', '0912345678', '0000-00-00', '男', '大安公園', '2021-05-12 15:35:49', '2021-07-08 21:25:10', 1),
(126, 'user@user.com', '12dea96fec20593566ab75692c9949596833adc9', NULL, NULL, '', '', '0000-00-00', '男', '', '2021-05-13 14:59:57', '2021-07-08 21:25:09', 1),
(127, 'qoo', 'qq', '奧', '樂雞', '就是一隻雞', '123456789', '1899-11-30', '男', '大安安', '2021-07-08 15:31:43', '2021-07-09 01:43:16', 1);

-- --------------------------------------------------------

--
-- 資料表結構 `ordercampingplace`
--

CREATE TABLE `ordercampingplace` (
  `campingPlaceId` int(11) NOT NULL COMMENT '流水號',
  `campingPlaceName` varchar(20) COLLATE utf8mb4_unicode_ci NOT NULL COMMENT '營區名稱',
  `campingPlaceImg` varchar(100) COLLATE utf8mb4_unicode_ci NOT NULL COMMENT '營區配置圖',
  `created_at` datetime NOT NULL DEFAULT current_timestamp() COMMENT '新增時間',
  `updated_at` datetime NOT NULL DEFAULT current_timestamp() ON UPDATE current_timestamp() COMMENT '更新時間'
) ENGINE=InnoDB DEFAULT CHARSET=utf8mb4 COLLATE=utf8mb4_unicode_ci;

--
-- 傾印資料表的資料 `ordercampingplace`
--

INSERT INTO `ordercampingplace` (`campingPlaceId`, `campingPlaceName`, `campingPlaceImg`, `created_at`, `updated_at`) VALUES
(1, '苗栗南庄 南山傳奇', 'campingPlace_20210505210344.jpg', '2021-05-05 21:21:48', '2021-05-06 03:03:44'),
(14, '桃園復興 拉拉山 雲河露營農場', 'campingPlace_20210512144241.jpg', '2021-05-06 15:54:46', '2021-05-12 14:42:41'),
(22, '宜蘭大同 松蘿園林露營區', 'campingPlace_20210513101241.jpg', '2021-05-13 10:12:41', '2021-05-13 10:12:41'),
(23, '新竹五峰 愛上天湖', 'campingPlace_20210513110552.jpg', '2021-05-13 11:05:52', '2021-05-13 11:05:52'),
(24, '新竹尖石 玉峰 遇見嵨繞', 'campingPlace_20210513111138.jpg', '2021-05-13 11:11:38', '2021-05-13 11:11:38'),
(25, '嘉義阿里山 倉伯露營區', 'campingPlace_20210513115555.jpg', '2021-05-13 11:55:55', '2021-05-13 11:55:55'),
(28, 'Test', 'campingPlace_20210513104533.jpg', '2021-05-13 16:45:33', '2021-05-13 16:45:33');

-- --------------------------------------------------------

--
-- 資料表結構 `orderplaceprice`
--

CREATE TABLE `orderplaceprice` (
  `campingAreaId` int(11) NOT NULL COMMENT '營區區域編號',
  `orderPlaceId` int(11) NOT NULL COMMENT '營區編號',
  `campingPlaceArea` varchar(20) COLLATE utf8mb4_unicode_ci NOT NULL COMMENT '營區區域',
  `campingPlaceType` varchar(20) COLLATE utf8mb4_unicode_ci NOT NULL COMMENT '場地型態',
  `campingPlaceSize` varchar(20) COLLATE utf8mb4_unicode_ci NOT NULL COMMENT '場地尺寸',
  `tentQty` varchar(10) COLLATE utf8mb4_unicode_ci NOT NULL COMMENT '場地帳數',
  `weekdaysPrice` int(11) NOT NULL COMMENT '平日價格',
  `holidayPrice` int(11) NOT NULL COMMENT '假日價格',
  `continuousPrice` int(11) NOT NULL COMMENT '連續預定價格',
  `created_at` datetime NOT NULL DEFAULT current_timestamp() COMMENT '新增時間',
  `updated_at` datetime NOT NULL DEFAULT current_timestamp() ON UPDATE current_timestamp() COMMENT '更新時間'
) ENGINE=InnoDB DEFAULT CHARSET=utf8mb4 COLLATE=utf8mb4_unicode_ci;

--
-- 傾印資料表的資料 `orderplaceprice`
--

INSERT INTO `orderplaceprice` (`campingAreaId`, `orderPlaceId`, `campingPlaceArea`, `campingPlaceType`, `campingPlaceSize`, `tentQty`, `weekdaysPrice`, `holidayPrice`, `continuousPrice`, `created_at`, `updated_at`) VALUES
(1, 1, 'A區', '草地', '6Mx8M', '10帳', 1000, 1200, 900, '2021-05-05 21:34:52', '2021-05-13 10:23:30'),
(5, 14, 'A區', '草皮', '5M*8M', '28帳', 1000, 1400, 900, '2021-05-06 15:55:40', '2021-05-13 10:23:54'),
(6, 14, 'B區', '碎石草皮', '5M*8M', '4帳', 1000, 1400, 900, '2021-05-06 15:56:37', '2021-05-13 10:24:01'),
(7, 14, 'C區', '碎石草皮', '5M*8M', '4帳', 1000, 1400, 1000, '2021-05-06 15:57:35', '2021-05-13 10:22:51'),
(9, 1, 'B區', '草地', '6Mx8M', '6帳', 1000, 1200, 800, '2021-05-07 13:46:51', '2021-05-13 10:23:39'),
(18, 1, 'C區', '草皮', '6Mx8M', '20帳', 1000, 1200, 800, '2021-05-12 14:20:39', '2021-05-13 10:23:47'),
(23, 22, '草皮E包區', '草皮', '8M*6M', '1區', 2000, 2000, 1600, '2021-05-13 10:17:34', '2021-05-13 10:22:40'),
(24, 22, '碎石F區', '碎石', '6M*6M', '3帳', 1000, 1000, 700, '2021-05-13 10:18:21', '2021-05-13 10:22:59'),
(25, 22, '草皮G區', '草皮', '5M*8M', '18帳', 1000, 1000, 700, '2021-05-13 10:19:02', '2021-05-13 10:23:20'),
(26, 22, '碎石H包區', '碎石', '6M*8M', '1區', 2000, 2000, 1600, '2021-05-13 10:20:40', '2021-05-13 10:22:30'),
(27, 23, '狩獵帳', '固定式帳篷', '6Mx8M', '5帳', 2800, 4800, 4000, '2021-05-13 11:07:13', '2021-05-13 11:12:45'),
(28, 24, 'A區', '碎石草地', '4Mx7M', '6帳', 800, 1000, 600, '2021-05-13 11:12:30', '2021-05-13 11:12:30'),
(29, 24, 'B區', '碎石草地', '4Mx7M', '5帳', 800, 1000, 600, '2021-05-13 11:13:32', '2021-05-13 11:13:32'),
(30, 24, 'C區', '碎石草地', '4Mx7M', '5帳', 800, 1000, 600, '2021-05-13 11:14:27', '2021-05-13 11:14:27'),
(31, 25, 'A區', '棧板雨棚', '10x7.5', '2帳', 1000, 1000, 800, '2021-05-13 11:58:12', '2021-05-13 11:58:12');

-- --------------------------------------------------------

--
-- 資料表結構 `productcategory`
--

CREATE TABLE `productcategory` (
  `id` int(11) NOT NULL,
  `cat_id` varchar(10) COLLATE utf8mb4_unicode_ci NOT NULL,
  `cat_name` varchar(50) COLLATE utf8mb4_unicode_ci NOT NULL,
  `created_at` timestamp NOT NULL DEFAULT current_timestamp() COMMENT '新增時間',
  `updated_at` timestamp NOT NULL DEFAULT current_timestamp() ON UPDATE current_timestamp() COMMENT '修改時間'
) ENGINE=InnoDB DEFAULT CHARSET=utf8mb4 COLLATE=utf8mb4_unicode_ci;

--
-- 傾印資料表的資料 `productcategory`
--

INSERT INTO `productcategory` (`id`, `cat_id`, `cat_name`, `created_at`, `updated_at`) VALUES
(18, 'A', '寢室主帳', '2021-05-12 08:29:47', '2021-05-12 08:29:47'),
(19, 'B', '天幕', '2021-05-12 08:29:56', '2021-05-12 08:29:56'),
(20, 'C', '客廳&別墅帳', '2021-05-12 08:30:06', '2021-05-12 08:30:06'),
(21, 'D', '寢具', '2021-05-12 08:34:38', '2021-05-12 08:34:38'),
(22, 'E', '帳篷周邊配件', '2021-05-12 08:34:45', '2021-05-12 08:34:45'),
(23, 'F', '戶外家具', '2021-05-13 01:27:41', '2021-05-13 01:27:41'),
(24, 'G', '爐具', '2021-05-13 01:27:50', '2021-05-13 01:27:50'),
(25, 'H', '火盆/燒烤', '2021-05-13 01:27:57', '2021-05-13 01:27:57'),
(26, 'I', '廚具', '2021-05-13 01:28:02', '2021-05-13 01:28:02'),
(27, 'J', '餐具', '2021-05-13 01:28:07', '2021-05-13 01:28:07'),
(28, 'K', '攜行用具', '2021-05-13 01:28:12', '2021-05-13 01:28:12'),
(29, 'L', '燈具', '2021-05-13 01:28:18', '2021-05-13 01:28:18'),
(30, 'M', '其他類別', '2021-05-13 01:28:33', '2021-05-13 01:28:33');

-- --------------------------------------------------------

--
-- 資料表結構 `productinfo`
--

CREATE TABLE `productinfo` (
  `cat_id` varchar(5) COLLATE utf8mb4_unicode_ci NOT NULL COMMENT '商品分類編號',
  `product_id` int(5) UNSIGNED ZEROFILL NOT NULL COMMENT '商品編號',
  `product_mtr` varchar(50) COLLATE utf8mb4_unicode_ci NOT NULL COMMENT '商品材質',
  `product_pack` varchar(150) COLLATE utf8mb4_unicode_ci NOT NULL COMMENT '內容物',
  `product_cid` int(11) NOT NULL COMMENT '商品介紹文代碼',
  `product_packsize` varchar(50) COLLATE utf8mb4_unicode_ci NOT NULL COMMENT '商品包裝尺寸',
  `product_fullsize` varchar(50) COLLATE utf8mb4_unicode_ci NOT NULL COMMENT '商品本體尺寸',
  `product_weight` int(11) NOT NULL COMMENT '重量',
  `product_person` int(11) NOT NULL COMMENT '最大使用人數',
  `tag_id` int(11) NOT NULL COMMENT '預留tag',
  `created_at` timestamp NOT NULL DEFAULT current_timestamp() COMMENT '建立日期',
  `updated_at` timestamp NOT NULL DEFAULT current_timestamp() COMMENT '更新日期'
) ENGINE=InnoDB DEFAULT CHARSET=utf8mb4 COLLATE=utf8mb4_unicode_ci;

--
-- 傾印資料表的資料 `productinfo`
--

INSERT INTO `productinfo` (`cat_id`, `product_id`, `product_mtr`, `product_pack`, `product_cid`, `product_packsize`, `product_fullsize`, `product_weight`, `product_person`, `tag_id`, `created_at`, `updated_at`) VALUES
('', 00000, '', '', 0, '', '', 0, 0, 0, '2021-05-11 03:09:06', '2021-05-11 03:09:06');

-- --------------------------------------------------------

--
-- 資料表結構 `productlist`
--

CREATE TABLE `productlist` (
  `cat_id` varchar(10) COLLATE utf8mb4_unicode_ci NOT NULL COMMENT '商品分類編號',
  `product_id` int(5) UNSIGNED ZEROFILL NOT NULL COMMENT '商品編號',
  `product_name` varchar(50) COLLATE utf8mb4_unicode_ci NOT NULL COMMENT '商品名稱',
  `product_desc` varchar(50) COLLATE utf8mb4_unicode_ci NOT NULL COMMENT '商品短述',
  `product_img` varchar(50) COLLATE utf8mb4_unicode_ci NOT NULL COMMENT '商品主圖(預留)',
  `tag_id` int(11) NOT NULL COMMENT '主TAG',
  `product_price` int(11) NOT NULL COMMENT '價格',
  `qty` int(11) NOT NULL COMMENT '臨時性DEMO數量',
  `created_at` timestamp NOT NULL DEFAULT current_timestamp() COMMENT '建立日期',
  `updated_at` timestamp NOT NULL DEFAULT current_timestamp() COMMENT '更新日期'
) ENGINE=InnoDB DEFAULT CHARSET=utf8mb4 COLLATE=utf8mb4_unicode_ci COMMENT='商品清單';

--
-- 傾印資料表的資料 `productlist`
--

INSERT INTO `productlist` (`cat_id`, `product_id`, `product_name`, `product_desc`, `product_img`, `tag_id`, `product_price`, `qty`, `created_at`, `updated_at`) VALUES
('A ', 00001, 'Minute Dome Pro. air 1 (SSD-712)', '經典暢銷主帳組', '20210513033250.jpg', 0, 3500, 10, '2021-05-13 01:32:49', '2021-05-13 01:32:49'),
('A ', 00002, 'Landbreeze寢室帳 Pro.1 (SD-641)', '帳篷本體、本體營柱長（x2）、本體營柱（x1）、前庭營柱（x1）、標準鋁質營釘（17cm x 16）', '20210513033354.jpg', 0, 2000, 5, '2021-05-13 01:33:52', '2021-05-13 01:33:52'),
('A ', 00003, 'Landbreeze寢室帳 Pro.3 (SD-643)', '外帳／75D滌塔夫防撕裂布、PU塗層最低耐水壓1,800mm、鐵氟龍撥水加工、抗UV加工；內帳／68', '20210513033524.jpg', 0, 3000, 10, '2021-05-13 01:35:21', '2021-05-13 01:35:21'),
('A ', 00004, 'Landbreeze寢室帳 Pro.4 (SD-644)', '外帳／75D滌塔夫防撕裂布、PU塗層最低耐水壓1,800mm、鐵氟龍撥水加工、抗UV加工；內帳／68', '20210513033555.jpg', 0, 5000, 5, '2021-05-13 01:35:51', '2021-05-13 01:35:51'),
('A ', 00005, 'Amenity Dome 寢室帳 S (SDE-002RH)', '情侶熱租組，適合兩人', '20210513033657.jpg', 0, 2500, 10, '2021-05-13 01:36:39', '2021-05-13 01:36:39'),
('A ', 00006, 'Amenity Dome 寢室帳 M (SDE-001RH)', '防潑水防風', '20210513033740.jpg', 0, 3000, 5, '2021-05-13 01:37:34', '2021-05-13 01:37:34'),
('A ', 00007, 'Amenity Dome 寢室帳 L (SDE-003RH)', '經典大型寢室', '20210513033818.jpg', 0, 5000, 5, '2021-05-13 01:38:11', '2021-05-13 01:38:11'),
('A ', 00008, 'Snowpeak拱型帳 (SDE-080H)', '特殊款', '20210513033848.jpg', 0, 3500, 5, '2021-05-13 01:38:40', '2021-05-13 01:38:40'),
('B ', 00009, 'HD 六角蝶形天幕 Pro. 焚火內掛頂布 (TP-250IR)', 'HD 六角蝶形天幕 Pro. 焚火內掛頂布，可與TP-250，TP-250R，TP-265和TP-2', '20210513034012.jpg', 0, 1500, 7, '2021-05-13 01:40:03', '2021-05-13 01:40:03'),
('B ', 00010, '焚火方形天幕帳 (TP-430)', '人群聚集在露營場中央，舒適地圍著焚火，這就是露營的魅力 。', '20210513034046.jpg', 0, 1500, 8, '2021-05-13 01:40:36', '2021-05-13 01:40:36'),
('B ', 00011, 'HD 六角蝶形天幕 Pro. (TP-250R)', 'Living Shell 客廳帳 六角蝶形天幕 Pro.', '20210513034116.jpg', 0, 2000, 5, '2021-05-13 01:41:05', '2021-05-13 01:41:05'),
('B ', 00012, '方形天幕 M (TP-841)', '高度泛用性的長方形，具有多樣的搭營方式', '20210513034140.jpg', 0, 1200, 2, '2021-05-13 01:41:28', '2021-05-13 01:41:28'),
('C ', 00013, '紗網客廳帳 (TP-925)', ' 入門級客廳帳全新改款，讓搭設更簡單！', '20210513034251.jpg', 0, 2000, 10, '2021-05-13 01:42:38', '2021-05-13 01:42:38'),
('C ', 00014, '大地帳 Pro.L (TP-450)', '多人活動最佳選擇', '20210513034558.jpg', 0, 4790, 2, '2021-05-13 01:45:44', '2021-05-13 01:45:44'),
('H ', 00015, '焚火台M套裝組合 (SET-111)', ' Feature特色 享受火焰搖曳的魔力 - 焚火台', '20210513034739.jpg', 0, 600, 5, '2021-05-13 01:47:24', '2021-05-13 01:47:24'),
('H ', 00016, '焚火台-M燒烤框架 (ST-033GBR)', '不鏽鋼', '20210513034826.jpg', 0, 200, 5, '2021-05-13 01:48:10', '2021-05-13 01:48:10'),
('J ', 00017, '不鏽鋼真空保溫瓶M型350 原色', '不鏽鋼真空保溫瓶M型350 原色', '20210513034870.jpg', 0, 100, 2, '2021-05-13 01:48:54', '2021-05-13 01:48:54'),
('J ', 00018, 'Low chair 吊掛杯架 (UG-282)', '不銹鋼、聚酯纖維', '20210513034941.jpg', 0, 50, 15, '2021-05-13 01:49:23', '2021-05-13 01:49:23'),
('L ', 00019, '迷你戶外夜燈＂燈籠花果＂ 森林 ', '擁有可愛造型的多功能迷你夜燈', '20210513035020.jpg', 0, 500, 10, '2021-05-13 01:50:01', '2021-05-13 01:50:01'),
('L ', 00020, 'GP自動點火小型瓦斯燈 \"天\" ', '可單手掌握的輕巧主體、輸出80W光亮的微型夜燈', '20210513035057.jpg', 0, 200, 5, '2021-05-13 01:50:37', '2021-05-13 01:50:37'),
('F ', 00021, '快速竹折和室桌S', '桌板／竹集成材；腳架／耐酸鋁加工；支架／不鏽鋼；收納袋／尼龍', '20210513035141.jpg', 0, 200, 12, '2021-05-13 01:51:20', '2021-05-13 01:51:20'),
('A ', 00022, 'Rack Sotto 多功能桌椅組 椅背 (LV-211)', '聚酯纖維帆布、鋁合金、合板、聚乙烯、聚縮醛', '20210513035169.jpg', 0, 200, 3, '2021-05-13 01:51:47', '2021-05-13 01:51:47');

-- --------------------------------------------------------

--
-- 資料表結構 `sessions`
--

CREATE TABLE `sessions` (
  `session_id` varchar(128) CHARACTER SET utf8mb4 COLLATE utf8mb4_bin NOT NULL,
  `expires` int(11) UNSIGNED NOT NULL,
  `data` mediumtext CHARACTER SET utf8mb4 COLLATE utf8mb4_bin DEFAULT NULL
) ENGINE=InnoDB DEFAULT CHARSET=utf8mb4 COLLATE=utf8mb4_unicode_ci;

--
-- 傾印資料表的資料 `sessions`
--

INSERT INTO `sessions` (`session_id`, `expires`, `data`) VALUES
('W6mI-Xk3WleU3njX-JmkV3Lrj1bVVnl8', 1625823220, '{\"cookie\":{\"originalMaxAge\":12000000,\"expires\":\"2021-07-09T09:33:40.388Z\",\"httpOnly\":true,\"path\":\"/\"},\"member\":{\"mId\":127,\"email\":\"qoo\"}}'),
('XCFfBKu_lPhMOqqHMdOCqTrRf1GZ6mmb', 1625826538, '{\"cookie\":{\"originalMaxAge\":12000000,\"expires\":\"2021-07-09T10:28:58.409Z\",\"httpOnly\":true,\"path\":\"/\"},\"member\":{\"mId\":127,\"email\":\"qoo\"}}'),
('a3pDlrptfxK7_-RDT0TgJphiCV9R2TAF', 1625823889, '{\"cookie\":{\"originalMaxAge\":12000000,\"expires\":\"2021-07-09T09:44:48.527Z\",\"httpOnly\":true,\"path\":\"/\"},\"member\":{\"mId\":127,\"email\":\"qoo\"}}');

--
-- 已傾印資料表的索引
--

--
-- 資料表索引 `acategorylist`
--
ALTER TABLE `acategorylist`
  ADD PRIMARY KEY (`aCatId`);

--
-- 資料表索引 `acommentlist`
--
ALTER TABLE `acommentlist`
  ADD PRIMARY KEY (`id`);

--
-- 資料表索引 `activities`
--
ALTER TABLE `activities`
  ADD PRIMARY KEY (`acid`);

--
-- 資料表索引 `admin`
--
ALTER TABLE `admin`
  ADD PRIMARY KEY (`Aid`),
  ADD KEY `email` (`email`);

--
-- 資料表索引 `articlelist`
--
ALTER TABLE `articlelist`
  ADD PRIMARY KEY (`aId`);

--
-- 資料表索引 `ataglist`
--
ALTER TABLE `ataglist`
  ADD PRIMARY KEY (`tagId`);

--
-- 資料表索引 `atagmap`
--
ALTER TABLE `atagmap`
  ADD PRIMARY KEY (`tmId`);

--
-- 資料表索引 `a_multiple_images`
--
ALTER TABLE `a_multiple_images`
  ADD PRIMARY KEY (`multipleImageId`);

--
-- 資料表索引 `carpay`
--
ALTER TABLE `carpay`
  ADD PRIMARY KEY (`cartPayId`);

--
-- 資料表索引 `cartitem`
--
ALTER TABLE `cartitem`
  ADD PRIMARY KEY (`cartId`);

--
-- 資料表索引 `cartlogistics`
--
ALTER TABLE `cartlogistics`
  ADD PRIMARY KEY (`cartId`);

--
-- 資料表索引 `cartorder`
--
ALTER TABLE `cartorder`
  ADD PRIMARY KEY (`cartOrderId`);

--
-- 資料表索引 `member`
--
ALTER TABLE `member`
  ADD PRIMARY KEY (`mId`),
  ADD KEY `username` (`email`),
  ADD KEY `email` (`email`);

--
-- 資料表索引 `ordercampingplace`
--
ALTER TABLE `ordercampingplace`
  ADD PRIMARY KEY (`campingPlaceId`);

--
-- 資料表索引 `orderplaceprice`
--
ALTER TABLE `orderplaceprice`
  ADD PRIMARY KEY (`campingAreaId`);

--
-- 資料表索引 `productcategory`
--
ALTER TABLE `productcategory`
  ADD PRIMARY KEY (`id`),
  ADD UNIQUE KEY `cat_id` (`cat_id`);

--
-- 資料表索引 `productinfo`
--
ALTER TABLE `productinfo`
  ADD PRIMARY KEY (`product_id`);

--
-- 資料表索引 `productlist`
--
ALTER TABLE `productlist`
  ADD PRIMARY KEY (`product_id`);

--
-- 資料表索引 `sessions`
--
ALTER TABLE `sessions`
  ADD PRIMARY KEY (`session_id`);

--
-- 在傾印的資料表使用自動遞增(AUTO_INCREMENT)
--

--
-- 使用資料表自動遞增(AUTO_INCREMENT) `acategorylist`
--
ALTER TABLE `acategorylist`
  MODIFY `aCatId` int(11) NOT NULL AUTO_INCREMENT COMMENT '流水號', AUTO_INCREMENT=12;

--
-- 使用資料表自動遞增(AUTO_INCREMENT) `acommentlist`
--
ALTER TABLE `acommentlist`
  MODIFY `id` int(11) NOT NULL AUTO_INCREMENT COMMENT '流水號', AUTO_INCREMENT=5;

--
-- 使用資料表自動遞增(AUTO_INCREMENT) `activities`
--
ALTER TABLE `activities`
  MODIFY `acid` int(20) NOT NULL AUTO_INCREMENT, AUTO_INCREMENT=37;

--
-- 使用資料表自動遞增(AUTO_INCREMENT) `admin`
--
ALTER TABLE `admin`
  MODIFY `Aid` int(11) NOT NULL AUTO_INCREMENT COMMENT '管理員ID', AUTO_INCREMENT=2;

--
-- 使用資料表自動遞增(AUTO_INCREMENT) `articlelist`
--
ALTER TABLE `articlelist`
  MODIFY `aId` int(11) NOT NULL AUTO_INCREMENT COMMENT '流水號', AUTO_INCREMENT=30;

--
-- 使用資料表自動遞增(AUTO_INCREMENT) `ataglist`
--
ALTER TABLE `ataglist`
  MODIFY `tagId` int(11) NOT NULL AUTO_INCREMENT COMMENT '標籤編號', AUTO_INCREMENT=13;

--
-- 使用資料表自動遞增(AUTO_INCREMENT) `atagmap`
--
ALTER TABLE `atagmap`
  MODIFY `tmId` int(11) NOT NULL AUTO_INCREMENT COMMENT '標籤索引編號', AUTO_INCREMENT=37;

--
-- 使用資料表自動遞增(AUTO_INCREMENT) `a_multiple_images`
--
ALTER TABLE `a_multiple_images`
  MODIFY `multipleImageId` int(11) NOT NULL AUTO_INCREMENT COMMENT '流水號', AUTO_INCREMENT=5;

--
-- 使用資料表自動遞增(AUTO_INCREMENT) `carpay`
--
ALTER TABLE `carpay`
  MODIFY `cartPayId` int(11) NOT NULL AUTO_INCREMENT COMMENT '金流代碼', AUTO_INCREMENT=5;

--
-- 使用資料表自動遞增(AUTO_INCREMENT) `cartitem`
--
ALTER TABLE `cartitem`
  MODIFY `cartId` int(11) NOT NULL AUTO_INCREMENT COMMENT '流水號', AUTO_INCREMENT=399;

--
-- 使用資料表自動遞增(AUTO_INCREMENT) `cartlogistics`
--
ALTER TABLE `cartlogistics`
  MODIFY `cartId` int(11) NOT NULL AUTO_INCREMENT COMMENT '流水號', AUTO_INCREMENT=3;

--
-- 使用資料表自動遞增(AUTO_INCREMENT) `member`
--
ALTER TABLE `member`
  MODIFY `mId` int(11) NOT NULL AUTO_INCREMENT COMMENT '會員ID，流水號', AUTO_INCREMENT=130;

--
-- 使用資料表自動遞增(AUTO_INCREMENT) `ordercampingplace`
--
ALTER TABLE `ordercampingplace`
  MODIFY `campingPlaceId` int(11) NOT NULL AUTO_INCREMENT COMMENT '流水號', AUTO_INCREMENT=29;

--
-- 使用資料表自動遞增(AUTO_INCREMENT) `orderplaceprice`
--
ALTER TABLE `orderplaceprice`
  MODIFY `campingAreaId` int(11) NOT NULL AUTO_INCREMENT COMMENT '營區區域編號', AUTO_INCREMENT=34;

--
-- 使用資料表自動遞增(AUTO_INCREMENT) `productcategory`
--
ALTER TABLE `productcategory`
  MODIFY `id` int(11) NOT NULL AUTO_INCREMENT, AUTO_INCREMENT=31;

--
-- 使用資料表自動遞增(AUTO_INCREMENT) `productlist`
--
ALTER TABLE `productlist`
  MODIFY `product_id` int(5) UNSIGNED ZEROFILL NOT NULL AUTO_INCREMENT COMMENT '商品編號', AUTO_INCREMENT=23;
COMMIT;

/*!40101 SET CHARACTER_SET_CLIENT=@OLD_CHARACTER_SET_CLIENT */;
/*!40101 SET CHARACTER_SET_RESULTS=@OLD_CHARACTER_SET_RESULTS */;
/*!40101 SET COLLATION_CONNECTION=@OLD_COLLATION_CONNECTION */;
